,City,Cloudiness,Country,Date,Humidity,Lat,Lng,Max Temp,Wind Speed
0,Albany,8,US,1587107617,89,42.6,-73.97,32.0,7.94
1,Vaini,27,TO,1587107620,78,-21.2,-175.2,77.0,15.08
2,Cape Town,20,ZA,1587107337,93,-33.93,18.42,64.99,2.24
3,São João da Barra,80,BR,1587107623,89,-21.64,-41.05,74.43,12.53
4,Campo Formoso,73,BR,1587107625,79,-10.51,-40.32,70.21,6.35
5,Bluff,81,NZ,1587107626,93,-46.6,168.33,48.0,3.0
6,Chui,3,UY,1587107410,91,-33.7,-53.46,60.1,6.24
7,Pacific Grove,90,US,1587107523,93,36.62,-121.92,55.0,4.7
8,Mataura,85,NZ,1587107630,93,-46.19,168.86,48.0,3.0
9,Rikitea,3,PF,1587107631,75,-23.12,-134.97,76.33,9.73
10,Mount Isa,36,AU,1587107452,14,-20.73,139.5,96.8,8.05
11,Atuona,75,PF,1587107634,76,-9.8,-139.03,82.67,13.58
12,Ushuaia,75,AR,1587107636,54,-54.8,-68.3,55.4,20.8
13,Vila Franca do Campo,20,PT,1587107637,82,37.72,-25.43,55.4,9.17
14,Villa Bruzual,67,VE,1587107639,61,9.33,-69.12,78.12,6.35
15,Port Alfred,4,ZA,1587107342,63,-33.59,26.89,68.0,1.99
16,Prince Rupert,100,CA,1587107538,89,54.32,-130.32,46.51,3.18
17,Tuktoyaktuk,98,CA,1587107348,96,69.45,-133.04,12.83,5.57
18,Lys'va,63,RU,1587107644,67,58.11,57.81,41.34,10.65
19,Ribeira Grande,45,PT,1587107645,80,38.52,-28.7,58.73,7.63
20,Soyo,100,AO,1587107646,85,-6.13,12.37,79.81,4.41
21,Hilo,17,US,1587107379,95,19.73,-155.09,71.01,1.99
22,Poltavka,55,RU,1587107649,29,54.37,71.76,62.26,18.03
23,Camocim,94,BR,1587107388,90,-2.9,-40.84,76.15,4.52
24,Puerto Ayora,23,EC,1587107652,97,-0.74,-90.35,75.99,1.01
25,Nikolskoye,20,RU,1587107653,64,59.7,30.79,39.2,22.37
26,Severo-Kuril'sk,86,RU,1587107654,94,50.68,156.12,31.21,14.88
27,Iqaluit,90,CA,1587107655,77,63.75,-68.51,5.0,9.17
28,Bredasdorp,35,ZA,1587107657,68,-34.53,20.04,64.4,3.36
29,Acapulco de Juárez,29,MX,1587107462,50,16.86,-99.89,79.21,2.53
30,Valparaíso,13,CL,1587107660,93,-33.04,-71.63,51.8,4.7
31,New Norfolk,75,AU,1587107661,46,-42.78,147.06,53.6,19.46
32,Christchurch,90,NZ,1587107469,87,-43.53,172.63,55.0,12.75
33,Cardoso,40,BR,1587107664,65,-20.08,-49.91,63.64,4.56
34,Kavieng,100,PG,1587107665,80,-2.57,150.8,78.82,13.04
35,Sioux City,90,US,1587107549,81,42.5,-96.4,33.01,8.05
36,Rijssen,69,NL,1587107667,81,52.31,6.52,48.0,10.29
37,Hong Kong,20,HK,1587107669,57,22.29,114.16,82.0,8.05
38,Fortuna,90,US,1587107670,93,40.6,-124.16,51.01,2.44
39,Bredy,88,RU,1587107671,57,52.42,60.34,45.16,9.1
40,Necochea,44,AR,1587107672,82,-38.55,-58.74,51.01,7.0
41,Sørland,40,NO,1587107674,59,67.67,12.69,37.4,13.87
42,Jamestown,40,US,1587107675,79,42.1,-79.24,35.01,4.7
43,Hobart,75,AU,1587107536,46,-42.88,147.33,53.6,19.46
44,Norman Wells,75,CA,1587107677,88,65.28,-126.83,33.8,20.8
45,Airai,25,TL,1587107424,68,-8.93,125.41,69.08,3.58
46,Hermanus,46,ZA,1587107680,94,-34.42,19.23,60.01,1.3
47,Half Moon Bay,90,US,1587107681,87,37.46,-122.43,57.0,5.61
48,George Town,20,MY,1587107682,74,5.41,100.34,87.8,5.82
49,Interlaken,90,US,1587107684,87,36.95,-121.73,57.0,3.65
50,Sokolo,59,ML,1587107685,30,14.73,-6.12,85.95,11.1
51,Lompoc,90,US,1587107686,93,34.64,-120.46,57.2,4.7
52,Avarua,72,CK,1587107687,63,-21.21,-159.78,78.49,7.49
53,Lebu,67,CL,1587107689,74,-37.62,-73.65,56.77,8.52
54,Busselton,71,AU,1587107691,25,-33.65,115.33,78.01,7.65
55,Chokurdakh,64,RU,1587107692,91,70.63,147.92,-2.54,8.46
56,Saldanha,7,ZA,1587107394,88,-33.01,17.94,59.88,9.8
57,Jiujiang,68,CN,1587107695,58,29.73,115.98,75.38,7.23
58,Cherskiy,83,RU,1587107697,95,68.75,161.3,12.83,10.38
59,Barrow,90,US,1587107698,85,71.29,-156.79,10.4,11.41
60,Jardim,0,BR,1587107699,64,-21.48,-56.14,54.81,2.48
61,Castro,0,BR,1587107701,52,-24.79,-50.01,47.35,2.55
62,Tuatapere,84,NZ,1587107702,93,-46.13,167.68,48.0,3.0
63,Punta Arenas,19,CL,1587107649,75,-53.15,-70.92,44.6,8.05
64,Abancay,97,PE,1587107705,36,-13.63,-72.88,53.04,2.04
65,Tura,22,IN,1587107706,36,25.52,90.22,88.72,8.3
66,Tshikapa,100,CD,1587107707,76,-6.42,20.8,74.97,2.55
67,Sabang,100,ID,1587107708,74,5.89,95.32,82.29,5.93
68,Geraldton,90,AU,1587107662,52,-28.77,114.6,80.01,3.0
69,Yellowknife,90,CA,1587107652,92,62.46,-114.35,32.0,4.7
70,Saint Paul Harbor,87,US,1587107712,90,57.79,-152.41,43.03,0.85
71,Kayanga,100,TZ,1587107713,63,-1.53,31.15,64.99,2.71
72,Preobrazheniye,98,RU,1587107715,59,42.9,133.91,46.38,8.52
73,Bandarbeyla,2,SO,1587107716,65,9.49,50.81,84.25,6.69
74,Hambantota,20,LK,1587107455,69,6.12,81.12,85.6,6.13
75,Pontiac,90,US,1587107718,79,42.64,-83.29,33.01,2.24
76,Pisco,76,PE,1587107425,87,-13.7,-76.22,68.0,5.99
77,Huron,1,US,1587107721,63,41.15,-82.55,36.0,3.36
78,Nyurba,14,RU,1587107722,82,63.28,118.33,19.58,9.42
79,Guerrero Negro,29,MX,1587107723,66,27.98,-114.06,63.16,9.84
80,Meadow Lake,10,US,1587107435,42,34.8,-106.54,57.0,7.34
81,Cabedelo,88,BR,1587107726,85,-6.98,-34.83,78.03,7.0
82,Pozo Colorado,0,PY,1587107727,57,-23.49,-58.8,56.16,4.97
83,Neenah,1,US,1587107728,87,44.19,-88.46,33.8,8.05
84,Klaksvík,55,FO,1587107729,86,62.23,-6.59,41.0,9.06
85,Montepuez,91,MZ,1587107731,82,-13.13,39.0,71.06,5.99
86,Gulābpura,74,IN,1587107732,15,25.9,74.67,98.74,13.65
87,Panabá,55,MX,1587107733,91,21.28,-88.27,73.62,7.61
88,Kachug,100,RU,1587107735,56,53.96,105.88,49.19,10.29
89,Kangaatsiaq,85,GL,1587107736,89,68.31,-53.46,26.26,15.23
90,Malakal,83,SS,1587107737,9,9.53,31.66,89.65,11.16
91,Souillac,75,MU,1587107739,78,-20.52,57.52,81.0,19.46
92,Lebanon,75,US,1587107740,86,36.21,-86.29,51.01,7.7
93,Novoasbest,100,RU,1587107741,70,57.74,60.29,39.13,8.39
94,Dikson,29,RU,1587107742,91,73.51,80.55,7.05,11.43
95,Upernavik,100,GL,1587107549,92,72.79,-56.15,24.96,10.96
96,Troitskoye,0,RU,1587107745,48,52.98,84.68,57.83,2.68
97,Saint George,1,US,1587107721,32,37.1,-113.58,57.0,6.78
98,Tasiilaq,100,GL,1587107747,98,65.61,-37.64,32.0,26.4
99,Camopi,93,GF,1587107748,95,3.17,-52.32,72.88,2.28
100,Kapaa,92,US,1587107750,59,22.08,-159.32,73.0,1.01
101,Northam,89,GB,1587107751,77,51.03,-4.22,52.0,8.99
102,Baní,4,DO,1587107752,79,18.28,-70.33,78.01,1.99
103,De-Kastri,0,RU,1587107753,69,51.47,140.78,42.98,10.36
104,Agogo,13,GH,1587107755,85,6.8,-1.08,73.36,4.65
105,Minna,37,NG,1587107525,62,9.61,6.56,81.64,5.68
106,Hithadhoo,86,MV,1587107757,68,-0.6,73.08,83.97,1.05
107,Noumea,37,NC,1587107679,54,-22.28,166.46,82.4,6.93
108,Alofi,98,NU,1587107760,88,-19.06,-169.92,77.0,2.24
109,Deputatsky,100,RU,1587107761,85,69.3,139.9,-0.45,5.7
110,Saint-François,60,FR,1587107763,54,46.42,3.91,55.4,2.24
111,Sayyan,2,YE,1587107764,33,15.17,44.32,63.28,2.77
112,Mar del Plata,30,AR,1587107532,91,-38.0,-57.56,55.0,5.01
113,Moyale,95,KE,1587107767,58,3.52,39.06,74.35,7.76
114,Catuday,50,PH,1587107768,70,16.29,119.81,83.89,7.85
115,Shellbrook,75,CA,1587107769,73,53.22,-106.4,26.6,3.36
116,Dingle,83,PH,1587107771,51,11.0,122.67,91.49,14.97
117,Birin,55,NP,1587107772,39,26.89,88.07,69.87,5.12
118,Wakema,53,MM,1587107773,15,16.6,95.18,103.46,6.44
119,Ahipara,84,NZ,1587107775,87,-35.17,173.17,65.52,16.26
120,Whitehaven,3,GB,1587107776,89,54.55,-3.58,48.99,1.99
121,Namatanai,99,PG,1587107777,86,-3.67,152.43,77.22,8.32
122,Arraial do Cabo,100,BR,1587107778,75,-22.97,-42.03,75.2,7.25
123,Verkhnevilyuysk,32,RU,1587107503,82,63.45,120.32,17.69,9.48
124,Rawson,99,AR,1587107781,44,-43.3,-65.1,72.39,17.29
125,Saint-Philippe,20,RE,1587107782,74,-21.36,55.77,82.4,24.16
126,Kambove,64,CD,1587107783,65,-10.88,26.6,64.72,6.26
127,Nuuk,95,GL,1587107785,86,64.18,-51.72,26.6,12.75
128,Bethel,1,US,1587107786,88,41.37,-73.41,37.99,4.7
129,Asău,94,RO,1587107787,47,46.43,26.4,59.0,2.24
130,San Patricio,28,MX,1587107789,55,19.22,-104.7,73.78,3.36
131,Belém,79,BR,1587107790,94,-1.46,-48.5,74.32,1.25
132,Ilulissat,63,GL,1587107791,42,69.22,-51.1,26.6,27.51
133,Thompson,76,CA,1587107594,95,55.74,-97.86,17.8,5.55
134,Ancud,90,CL,1587107794,100,-41.87,-73.82,57.2,23.04
135,Seidu,48,SL,1587107795,65,9.02,-10.6,71.67,0.72
136,Butaritari,73,KI,1587107796,77,3.07,172.79,84.04,14.76
137,Sennar,29,SD,1587107798,10,13.57,33.57,86.18,14.03
138,Slave Lake,1,CA,1587107799,74,55.28,-114.77,35.6,9.98
139,Elk Plain,1,US,1587107800,60,47.05,-122.4,55.4,3.36
140,Tual,62,ID,1587107802,71,-5.67,132.75,83.32,1.52
141,Port Blair,87,IN,1587107803,70,11.67,92.75,84.49,3.65
142,Bosaso,15,SO,1587107804,60,11.28,49.18,86.7,5.57
143,Muros,75,ES,1587107805,93,42.78,-9.06,57.99,9.17
144,Kununurra,40,AU,1587107652,29,-15.77,128.73,98.6,12.75
145,Yeniseysk,71,RU,1587107721,58,58.45,92.17,46.78,3.89
146,Masallātah,87,LY,1587107809,78,32.62,14.0,58.66,10.07
147,Kevelaer,5,DE,1587107811,75,51.58,6.25,52.0,9.17
148,Nanortalik,100,GL,1587107812,97,60.14,-45.24,29.19,19.82
149,Lavrentiya,100,RU,1587107813,95,65.58,-171.0,32.85,6.93
150,East London,0,ZA,1587107814,72,-33.02,27.91,64.4,5.82
151,Los Llanos de Aridane,40,ES,1587107816,68,28.66,-17.92,66.2,4.7
152,San Ramon,90,US,1587107817,81,37.78,-121.98,57.2,11.41
153,Bud,90,US,1587107818,100,39.45,-86.18,42.01,7.83
154,Lumsden,5,CA,1587107819,79,50.65,-104.87,21.2,10.29
155,Resistencia,1,AR,1587107627,100,-27.46,-58.98,55.4,3.36
156,Vila Velha,52,BR,1587107822,82,-20.33,-40.29,77.0,1.01
157,Carnarvon,87,AU,1587107669,42,-24.87,113.63,88.21,10.07
158,Bathsheba,40,BB,1587107824,69,13.22,-59.52,78.8,16.11
159,Saint-Augustin,88,CA,1587107825,90,51.23,-58.65,21.87,9.66
160,Bambous Virieux,75,MU,1587107827,78,-20.34,57.76,81.0,19.46
161,Husavik,75,IS,1587107828,70,66.04,-17.34,44.6,31.09
162,Naliya,55,IN,1587107829,32,23.27,68.83,92.89,15.17
163,Alim,10,PH,1587107830,64,9.56,122.49,86.79,6.93
164,Beyneu,18,KZ,1587107832,40,45.32,55.2,54.97,11.05
165,Vestmannaeyjar,90,IS,1587107833,93,63.44,-20.27,44.6,19.46
166,Bontang,95,ID,1587107834,65,0.13,117.5,87.33,10.8
167,Philadelphia,1,US,1587107835,92,39.95,-75.16,34.0,6.82
168,Isangel,29,VU,1587107759,79,-19.55,169.27,77.76,14.88
169,Batagay,100,RU,1587107838,87,67.63,134.63,11.59,10.45
170,Dok Kham Tai,51,TH,1587107839,17,19.16,99.99,100.99,6.46
171,Camacha,40,PT,1587107840,82,33.08,-16.33,60.8,4.7
172,Bairiki Village,77,KI,1587107652,80,1.33,172.98,83.59,13.73
173,Boulder,1,US,1587107843,100,40.08,-105.35,21.99,3.87
174,Qaanaaq,100,GL,1587107844,88,77.48,-69.36,16.68,8.66
175,Touros,77,BR,1587107845,85,-5.2,-35.46,79.66,14.07
176,Torbay,5,CA,1587107846,73,47.67,-52.73,28.99,14.99
177,Cocobeach,20,GA,1587107827,94,1.0,9.58,75.2,3.36
178,Opuwo,0,NA,1587107849,29,-18.06,13.84,70.12,3.06
179,Hanna,44,CA,1587107850,57,51.63,-111.9,37.0,1.01
180,Kaitangata,99,NZ,1587107851,82,-46.28,169.85,50.0,15.99
181,Roshni-Chu,0,RU,1587107853,62,43.09,45.45,51.8,2.24
182,Stara Vyzhivka,33,UA,1587107854,55,51.44,24.44,45.12,4.52
183,Yaring,20,TH,1587107855,63,6.87,101.37,91.4,10.29
184,Saint-Michel-des-Saints,32,CA,1587107856,6,46.68,-73.92,25.0,8.19
185,Mayo,1,US,1587107858,60,38.89,-76.51,39.99,5.7
186,Port Hedland,97,AU,1587107859,50,-20.32,118.57,95.0,14.99
187,Warmbad,0,NA,1587107860,22,-28.45,18.73,62.44,11.14
188,Narsaq,100,GL,1587107861,95,60.92,-46.05,29.12,4.94
189,Suluktu,2,KG,1587107633,45,39.93,69.57,66.2,8.95
190,Kovernino,100,RU,1587107864,91,57.13,43.81,36.36,5.61
191,Andenes,75,NO,1587107865,93,69.31,16.12,35.6,17.22
192,Saskylakh,1,RU,1587107866,90,71.92,114.08,3.06,4.07
193,Mitú,79,CO,1587107867,84,1.2,-70.17,73.51,1.88
194,Usogorsk,100,RU,1587107869,84,63.41,48.69,34.75,14.23
195,Talnakh,87,RU,1587107870,74,69.49,88.4,28.4,24.61
196,Cabo San Lucas,65,MX,1587107610,67,22.89,-109.91,66.99,4.92
197,Alenquer,100,BR,1587107873,95,-1.94,-54.74,73.45,4.47
198,Coquimbo,3,CL,1587107874,82,-29.95,-71.34,55.4,8.05
199,Adrar,40,MR,1587107875,14,20.5,-10.07,79.45,7.56
200,Dakoro,0,NE,1587107877,15,14.51,6.76,77.11,7.94
201,Villamontes,94,BO,1587107878,45,-21.25,-63.5,62.4,2.28
202,Mezen',97,RU,1587107879,94,65.85,44.24,33.21,14.07
203,Lesnoy,100,RU,1587107880,90,57.62,63.08,38.43,6.8
204,Lanzhou,69,CN,1587107882,17,36.06,103.79,66.99,11.18
205,Anadyr,31,RU,1587107883,85,64.75,177.48,15.8,8.95
206,Khani,0,GE,1587107884,66,41.96,42.96,53.6,13.87
207,Flinders,0,AU,1587107885,38,-34.58,150.86,75.99,3.0
208,Araouane,0,ML,1587107887,25,18.9,-3.53,80.69,7.94
209,Wajir,33,KE,1587107888,60,1.75,40.06,84.2,12.3
210,Teya,73,RU,1587107889,62,60.38,92.63,43.72,2.53
211,Kanigoro,40,ID,1587107890,67,-8.13,112.22,85.33,1.83
212,Baturaja,87,ID,1587107892,54,-4.13,104.17,90.25,3.44
213,Baykit,81,RU,1587107893,81,61.67,96.37,39.79,2.53
214,Honggang,100,CN,1587107894,24,46.47,124.87,63.68,6.64
215,Porto-Novo,20,BJ,1587107896,84,6.5,2.6,86.0,12.75
216,Saint-Pierre,20,RE,1587107897,74,-21.34,55.48,82.4,24.16
217,Hay River,90,CA,1587107898,80,60.82,-115.8,35.6,4.7
218,Sinnamary,80,GF,1587107900,86,5.38,-52.95,78.82,10.13
219,Sulangan,63,PH,1587107901,64,11.14,123.72,87.03,6.4
220,Kruisfontein,60,ZA,1587107902,59,-34.0,24.73,59.97,1.86
221,Sirte,22,LY,1587107904,71,31.21,16.59,61.21,5.19
222,Zemio,53,CF,1587107905,47,5.03,25.14,80.55,2.08
223,Port Lincoln,31,AU,1587107906,56,-34.73,135.87,64.49,11.77
224,Alberton,67,CA,1587107908,25,46.82,-64.07,30.99,8.41
225,El Roble,28,CO,1587107909,79,9.1,-75.2,78.15,4.25
226,Fairbanks,69,US,1587107703,84,64.84,-147.72,37.99,1.7
227,Sarakhs,0,IR,1587107911,47,36.54,61.16,75.2,3.36
228,Mount Gambier,98,AU,1587107913,64,-37.83,140.77,59.23,11.74
229,Walvis Bay,6,NA,1587107914,87,-22.96,14.51,55.99,3.36
230,Morales,99,CO,1587107915,59,2.76,-76.62,59.63,2.53
231,Mezhdurechensk,65,RU,1587107916,56,53.69,88.06,50.36,5.75
232,Iskateley,100,RU,1587107918,93,67.68,53.15,33.46,10.4
233,Miles City,1,US,1587107919,85,46.41,-105.84,24.01,5.82
234,Idanre,98,NG,1587107921,87,7.11,5.12,78.4,4.0
235,Goma,100,CD,1587107922,49,-1.68,29.22,69.51,2.3
236,Vao,1,NC,1587107923,65,-22.67,167.48,74.75,9.06
237,Srednekolymsk,100,RU,1587107924,93,67.45,153.68,10.17,12.57
238,Gigmoto,67,PH,1587107926,79,13.78,124.39,82.69,12.35
239,Orange Cove,100,US,1587107927,88,36.62,-119.31,64.4,10.29
240,Bonthe,51,SL,1587107928,84,7.53,-12.51,79.81,5.82
241,Esim,51,GH,1587107929,86,4.87,-2.24,81.95,10.31
242,Ammon,1,US,1587107931,68,43.47,-111.97,30.0,2.71
243,Baruun-Urt,11,MN,1587107932,20,46.68,113.28,58.77,10.92
244,Port Shepstone,0,ZA,1587107933,68,-30.74,30.45,67.26,6.73
245,Ulaanbaatar,93,MN,1587107707,9,47.91,106.88,60.8,6.71
246,Palana,77,RU,1587107935,96,59.12,159.97,25.03,6.02
247,Līsakovsk,100,KZ,1587107937,71,52.54,62.49,45.95,13.04
248,Pangnirtung,100,CA,1587107938,89,66.15,-65.71,12.72,2.06
249,Lac du Bonnet,6,CA,1587107939,82,50.25,-96.06,23.0,2.21
250,Takoradze,52,GH,1587107818,86,4.88,-1.76,81.79,10.2
251,Isabela,88,PH,1587107942,59,6.71,121.97,88.43,3.87
252,Moose Factory,90,CA,1587107943,66,51.26,-80.61,15.8,8.05
253,Eureka,90,US,1587107925,93,40.8,-124.16,51.01,1.86
254,Ilhabela,64,BR,1587107947,69,-23.78,-45.36,70.65,1.21
255,Constitución,28,CL,1587107948,62,-35.33,-72.42,56.64,5.91
256,Dicabisagan,56,PH,1587107949,69,17.08,122.42,83.59,7.65
257,San Juan,1,AR,1587107950,38,-31.54,-68.54,67.53,6.15
258,Ponta do Sol,20,PT,1587107952,72,32.67,-17.1,59.0,4.7
259,Broome,1,US,1587107953,73,42.25,-75.83,28.99,6.93
260,Tilichiki,0,RU,1587107954,94,60.47,166.1,16.48,8.86
261,Manaus,65,BR,1587107922,93,-3.1,-60.02,73.18,0.67
262,Bambanglipuro,30,ID,1587107957,69,-7.95,110.28,86.45,6.49
263,Ust-Nera,100,RU,1587107958,80,64.57,143.2,5.63,11.97
264,Port Elizabeth,35,ZA,1587107959,55,-33.92,25.57,66.2,2.24
265,Lüderitz,0,NA,1587107961,93,-26.65,15.16,51.8,1.12
266,Kahului,1,US,1587107962,64,20.89,-156.47,73.4,12.75
267,Tiksi,95,RU,1587107963,91,71.69,128.87,-0.04,6.4
268,Kautokeino,98,NO,1587107964,92,69.01,23.04,27.25,12.91
269,Korla,73,CN,1587107966,28,41.76,86.15,66.81,6.82
270,Fonte Boa,100,BR,1587107967,95,-2.5,-66.27,73.04,1.5
271,Marawi,92,PH,1587107968,55,8.0,124.29,82.42,4.14
272,Pangkalanbuun,67,ID,1587107969,59,-2.68,111.62,89.92,3.11
273,Salto,0,UY,1587107786,91,-31.38,-57.97,46.0,3.15
274,Bubaque,68,GW,1587107972,64,11.28,-15.83,78.19,18.88
275,New Iberia,1,US,1587107973,76,30.0,-91.82,60.01,3.36
276,Radyvyliv,92,UA,1587107974,55,50.13,25.26,45.63,3.71
277,Santa Cruz de Tenerife,40,ES,1587107975,87,28.47,-16.25,63.0,3.36
278,Lancaster,20,US,1587107977,74,40.25,-76.25,33.01,4.7
279,Chilliwack,5,CA,1587107721,57,49.17,-121.94,48.99,2.24
280,Tiznit Province,0,MA,1587107979,62,29.58,-9.5,54.9,0.63
281,Cidreira,19,BR,1587107980,80,-30.18,-50.21,63.99,10.8
282,Tiarei,75,PF,1587107982,74,-17.53,-149.33,82.4,4.7
283,Rio Grande,0,BR,1587107983,100,-32.03,-52.1,60.01,3.0
284,Lagoa,2,PT,1587107984,74,39.05,-27.98,58.96,5.93
285,Mahébourg,75,MU,1587107985,78,-20.41,57.7,81.0,19.46
286,Khatanga,0,RU,1587107987,91,71.97,102.5,13.35,14.7
287,Monteagudo,99,BO,1587107988,45,-19.82,-63.98,59.11,2.17
288,Paamiut,74,GL,1587107989,90,61.99,-49.67,25.12,1.61
289,Aklavik,90,CA,1587107990,85,68.22,-135.01,23.0,10.29
290,Ürümqi,40,CN,1587107953,55,43.8,87.6,60.8,4.47
291,Richards Bay,3,ZA,1587107993,80,-28.78,32.04,69.03,3.67
292,Ossora,0,RU,1587107994,95,59.24,163.07,27.84,3.2
293,Tomatlán,55,MX,1587107995,53,19.93,-105.25,69.58,3.29
294,Kabompo,0,ZM,1587107996,65,-13.59,24.2,67.3,5.61
295,Galle,19,LK,1587107890,67,6.04,80.22,86.68,6.87
296,Kiama,0,AU,1587107999,38,-34.68,150.87,72.0,3.0
297,Pevek,99,RU,1587108000,95,69.7,170.31,15.76,5.55
298,Diego de Almagro,0,CL,1587108001,37,-26.37,-70.05,55.44,1.99
299,Churapcha,67,RU,1587108003,85,62.0,132.43,14.2,6.89
300,Berlevåg,75,NO,1587108004,86,70.86,29.09,35.6,19.46
301,Mandalgovi,42,MN,1587108006,19,45.76,106.27,55.92,10.71
302,Carberry,20,CA,1587108007,85,49.87,-99.36,21.2,2.24
303,Lawrenceburg,90,US,1587108008,60,38.04,-84.9,45.0,6.93
304,Papara,75,BR,1587108010,88,-3.98,-38.73,75.99,16.11
305,Harper,85,LR,1587108011,88,4.38,-7.72,80.8,8.34
306,Deer Lake,90,CA,1587108012,73,49.17,-57.43,26.6,14.99
307,La Rochelle,34,FR,1587108013,72,46.17,-1.15,59.0,13.87
308,Vostok,6,RU,1587108014,29,46.49,135.88,53.56,6.2
309,Hamilton,90,US,1587107927,80,39.18,-84.53,44.01,4.7
310,Westport,1,US,1587107979,59,41.14,-73.36,39.2,5.82
311,Yibin,79,CN,1587108018,45,28.77,104.62,80.85,6.11
312,Tocopilla,0,CL,1587108019,49,-22.09,-70.2,69.3,5.12
313,São Filipe,44,CV,1587108021,78,14.9,-24.5,70.5,16.73
314,Nhamundá,64,BR,1587108022,96,-2.19,-56.71,73.42,0.83
315,Launceston,75,AU,1587108023,54,-41.45,147.17,54.0,18.34
316,Caranavi,93,BO,1587108024,57,-15.82,-67.55,61.14,1.16
317,Singaparna,44,ID,1587108026,56,-7.35,108.11,85.78,1.77
318,Bykov,0,RU,1587108027,61,47.32,142.55,48.2,11.18
319,Ambon City,94,ID,1587108028,72,-3.7,128.18,84.58,3.51
320,Grand-Santi,88,GF,1587108029,95,4.25,-54.38,71.8,1.1
321,Haines Junction,100,CA,1587108031,66,60.75,-137.51,39.94,4.45
322,Blagoyevo,100,RU,1587108032,91,63.37,47.92,33.58,14.43
323,Luau,100,AO,1587108033,70,-10.71,22.22,65.95,2.04
324,Majene,55,ID,1587108034,68,-3.54,118.97,86.2,5.01
325,La Ronge,75,CA,1587108035,59,55.1,-105.28,33.8,6.93
326,Buala,97,SB,1587108037,78,-8.14,159.59,81.36,2.35
327,Laguna,1,US,1587107968,81,38.42,-121.42,57.2,9.17
328,Banda Aceh,100,ID,1587108039,69,5.56,95.32,83.93,3.85
329,Vanimo,38,PG,1587108040,68,-2.67,141.3,85.71,6.46
330,Assiut,14,EG,1587107789,40,27.18,31.18,71.6,11.41
331,Port-Gentil,90,GA,1587108043,94,-0.72,8.78,78.8,8.05
332,Codrington,80,AU,1587108045,64,-38.27,141.97,60.04,19.71
333,Jalu,0,LY,1587108046,46,29.03,21.55,63.19,10.09
334,Arica,31,CL,1587108048,88,-18.48,-70.3,64.4,13.87
335,Chernyshevskiy,89,RU,1587108049,84,63.01,112.47,20.73,8.08
336,Florence,32,IT,1587107754,71,43.77,11.25,54.0,1.12
337,Leh,96,IN,1587108052,13,34.17,77.58,41.85,3.09
338,Pierre,1,US,1587108053,73,44.37,-100.35,24.8,6.93
339,Merauke,97,ID,1587108054,81,-8.47,140.33,79.97,0.94
340,San Cristobal,89,VE,1587108055,52,7.77,-72.22,66.9,0.94
341,Sørkjosen,75,NO,1587108056,64,69.8,20.93,37.4,25.28
342,Yulara,57,AU,1587108058,19,-25.24,130.99,89.6,11.41
343,Avera,1,US,1587108059,100,33.19,-82.53,51.8,4.9
344,Bagé,38,BR,1587108061,93,-31.33,-54.11,59.0,2.24
345,Junín,0,AR,1587108014,84,-34.58,-60.94,48.0,3.0
346,Grand Gaube,75,MU,1587108063,78,-20.01,57.66,81.0,19.46
347,Bengkulu,100,ID,1587108065,83,-3.8,102.27,78.53,8.41
348,Burgos,9,ES,1587108066,87,42.34,-3.71,46.4,4.7
349,Ulaangom,5,MN,1587108067,69,49.98,92.07,40.41,1.41
350,Praia da Vitória,40,PT,1587108068,93,38.73,-27.07,55.4,7.78
351,Gunjur,9,GM,1587108070,77,13.2,-16.73,69.8,2.24
352,Kieta,100,PG,1587108071,83,-6.22,155.63,78.01,1.7
353,Séguéla,28,CI,1587108072,75,7.96,-6.67,74.44,4.32
354,Tupik,9,RU,1587108074,54,54.43,119.93,40.96,13.18
355,Guaduas,75,CO,1587108075,93,5.07,-74.59,51.8,4.7
356,Terrace Bay,82,CA,1587108077,93,48.78,-87.1,26.11,7.7
357,Lengshuitan,73,CN,1587108079,53,26.41,111.6,85.5,8.32
358,Yendi,3,GH,1587107818,59,9.44,-0.01,84.51,3.2
359,Gemena,91,CD,1587108081,65,3.25,19.77,78.62,1.45
360,Bezhta,50,RU,1587108083,38,42.13,46.13,42.37,6.08
361,Estelle,1,US,1587108084,100,29.85,-90.11,64.4,8.28
362,Sālūr,0,IN,1587108085,18,18.53,83.22,103.44,3.8
363,Frankfort,0,ZA,1587108086,39,-27.27,28.48,51.31,6.78
364,Tromsø,75,NO,1587108087,89,69.65,18.96,35.6,4.7
365,Hofn,20,IS,1587108089,73,64.25,-15.21,42.57,12.66
366,Lálas,8,GR,1587108090,72,37.72,21.72,60.8,3.36
367,Antalaha,52,MG,1587108091,77,-14.9,50.28,79.97,11.32
368,Katangli,0,RU,1587108093,64,51.71,143.23,42.78,7.07
369,Chicama,0,PE,1587108094,66,-7.84,-79.15,74.16,6.17
370,Bireun,99,ID,1587108096,69,5.2,96.7,84.38,3.09
371,Lorengau,99,PG,1587108097,78,-2.02,147.27,80.42,4.9
372,Bowen,23,AU,1587108098,66,-20.02,148.23,84.2,9.17
373,Healesville,75,AU,1587108099,67,-37.65,145.52,64.0,17.22
374,Mangai,100,CD,1587108101,84,-4.05,19.53,74.75,0.72
375,Longyearbyen,75,SJ,1587108102,79,78.22,15.64,28.4,4.7
376,Esmeraldas,75,BR,1587108103,100,-19.76,-44.31,68.0,3.36
377,Dmytrivka,98,UA,1587108105,45,45.97,28.99,59.5,4.47
378,Caconda,5,AO,1587108106,58,-13.73,15.07,60.84,2.66
379,Camapuã,0,BR,1587108107,61,-19.53,-54.04,56.62,6.33
380,Beringovskiy,99,RU,1587108108,97,63.05,179.32,24.8,16.33
381,Poum,13,NC,1587108110,78,-20.23,164.02,79.14,12.35
382,Havøysund,75,NO,1587108111,80,71.0,24.66,37.4,29.97
383,Gushikawa,20,JP,1587108112,61,26.35,127.87,77.0,16.11
384,Novobirilyussy,90,RU,1587108113,56,56.95,90.67,46.72,5.66
385,Mossamedes,0,AO,1587108115,66,-15.2,12.15,74.01,7.0
386,Shenyang,90,CN,1587108116,54,41.79,123.43,57.2,2.24
387,Miraflores,20,MX,1587108117,48,19.22,-98.81,66.2,1.16
388,Sitka,90,US,1587108119,93,57.05,-135.33,44.6,5.46
389,Zyryanka,100,RU,1587108120,93,65.75,150.85,9.21,19.06
390,Bilibino,100,RU,1587108121,88,68.05,166.44,14.76,4.97
391,Morogoro,75,TZ,1587108011,100,-6.82,37.67,73.4,3.98
392,Tautira,75,PF,1587108123,74,-17.73,-149.15,82.4,4.7
393,Vardø,75,NO,1587108125,80,70.37,31.11,35.6,24.16
394,Ulladulla,1,AU,1587108091,28,-35.35,150.47,71.01,19.46
395,Provideniya,90,RU,1587108127,94,64.38,-173.3,32.0,13.42
396,Dharmavaram,6,IN,1587108128,18,14.43,77.72,98.64,1.97
397,Misratah,78,LY,1587108130,76,32.38,15.09,61.05,6.44
398,Honiara,75,SB,1587108131,88,-9.43,159.95,80.6,6.93
399,Obo,92,CF,1587108132,50,5.4,26.49,80.01,2.68
400,Verkhoshizhem'ye,100,RU,1587108133,91,58.01,49.1,34.99,8.75
401,Chapais,20,CA,1587108134,66,49.78,-74.85,14.0,5.82
402,Benicarló,100,ES,1587108136,94,40.42,0.43,50.0,1.01
403,Kondinskoye,100,RU,1587108137,59,59.65,67.41,52.16,18.45
404,Keetmanshoop,0,NA,1587108138,21,-26.58,18.13,69.8,10.29
405,Thinadhoo,44,MV,1587108066,66,0.53,72.93,84.85,2.13
406,Culebra,1,PR,1587108141,74,18.3,-65.3,80.6,8.05
407,Khartoum,0,SD,1587107992,14,15.55,32.53,84.2,11.41
408,Atambua,4,ID,1587108144,74,-9.11,124.89,81.03,3.02
409,Lavumisa,31,SZ,1587108145,79,-27.31,31.89,67.93,1.97
410,Mīzan Teferī,74,ET,1587108146,45,6.98,35.58,74.41,0.74
411,Berekum,18,GH,1587108147,87,7.45,-2.58,73.65,5.46
412,Ishigaki,40,JP,1587108149,74,24.34,124.16,78.8,12.75
413,Natal,69,BR,1587107851,85,-5.79,-35.21,79.0,11.41
414,Hasaki,75,JP,1587108151,58,35.73,140.83,61.0,13.87
415,Faanui,30,PF,1587108152,66,-16.48,-151.75,83.26,8.34
416,Beira,40,MZ,1587108153,70,-19.84,34.84,86.0,2.24
417,Khovd,99,MN,1587108155,32,48.01,91.64,46.35,3.02
418,Bilma,28,NE,1587108156,12,18.69,12.92,79.57,4.47
419,Hobyo,58,SO,1587108157,67,5.35,48.53,87.04,13.35
420,Mehamn,75,NO,1587108160,87,71.04,27.85,35.6,19.46
421,Karārī,17,IN,1587108161,8,25.45,81.43,106.66,2.13
422,Santa Vitória do Palmar,1,BR,1587108163,90,-33.52,-53.37,60.08,6.89
423,Clyde River,90,CA,1587108164,84,70.47,-68.59,-0.4,18.34
424,Flin Flon,53,CA,1587108166,95,54.77,-101.86,21.52,6.73
425,Dudinka,87,RU,1587108167,74,69.41,86.18,30.2,22.37
426,Bulungu,100,CD,1587108168,81,-4.55,18.6,74.43,1.23
427,Lata,40,PT,1587108170,93,40.16,-8.33,55.99,10.29
428,Alice Springs,4,AU,1587108171,25,-23.7,133.88,84.2,13.87
429,Vaasa,3,FI,1587108172,55,63.1,21.62,37.4,19.46
430,Waipawa,73,NZ,1587108173,93,-41.41,175.52,61.0,11.41
431,Senanga,6,ZM,1587108175,49,-16.12,23.27,72.37,5.5
432,Pitimbu,20,BR,1587108176,100,-7.47,-34.81,75.2,3.36
433,Bitkine,3,TD,1587108177,9,11.98,18.21,81.0,7.7
434,Esperance,40,AU,1587108179,53,-33.87,121.9,71.6,16.11
435,Nový Bydžov,49,CZ,1587108180,62,50.24,15.49,55.99,3.36
436,Kavaratti,20,IN,1587108181,63,10.57,72.64,91.4,4.7
437,Marabba,40,SD,1587108182,11,12.35,32.18,84.34,11.03
438,Drawsko Pomorskie,7,PL,1587108184,70,53.53,15.81,46.4,8.05
439,Gympie,6,AU,1587108185,37,-26.19,152.66,86.58,2.13
440,Vânătorii Mici,78,RO,1587108186,51,44.49,25.56,59.0,4.7
441,Port Macquarie,85,AU,1587108187,73,-31.43,152.92,73.99,9.4
442,Domoni,98,KM,1587108189,71,-12.26,44.53,83.48,14.92
443,Santo Antônio do Içá,100,BR,1587108190,95,-3.1,-67.94,73.8,3.15
444,Fulton,1,US,1587107993,87,33.77,-84.45,48.99,2.75
445,Aktas,0,KZ,1587108192,29,49.78,72.96,60.8,11.18
446,Kapuskasing,90,CA,1587108193,67,49.42,-82.43,21.2,8.05
447,Nizhniy Kuranakh,100,RU,1587108195,81,58.84,125.49,22.68,10.45
448,Vrangel',99,RU,1587108196,66,42.73,133.08,45.97,7.2
449,Kirakira,58,SB,1587108199,71,-10.45,161.92,83.37,1.01
450,Dossor,16,KZ,1587108200,44,47.53,52.98,55.06,24.85
451,Zorgo,1,BF,1587108201,13,12.25,-0.62,79.83,7.4
452,Gondanglegi,46,ID,1587108202,63,-7.75,112.01,88.92,4.94
453,Kuytun,80,RU,1587108204,36,54.34,101.5,52.3,3.62
454,Portland,1,US,1587107980,46,45.52,-122.68,55.99,4.7
455,Teknāf,0,BD,1587108206,45,20.86,92.31,90.84,8.3
456,Volodarskiy,28,RU,1587108207,30,46.4,48.54,59.0,29.08
457,Narok,92,KE,1587108208,48,-1.08,35.86,66.0,8.1
458,Leningradskiy,100,RU,1587108210,96,69.38,178.42,15.31,5.53
459,Marmaris,0,TR,1587108211,43,36.85,28.27,69.8,3.36
460,Athabasca,95,CA,1587108212,74,54.72,-113.29,36.77,7.7
461,Utiel,100,ES,1587108213,93,39.57,-1.2,60.01,1.12
462,Tārāpur,3,IN,1587108214,49,19.85,72.7,90.72,3.33
463,Arlit,0,NE,1587108216,13,18.74,7.39,81.55,3.0
464,Bassila,61,BJ,1587108218,76,9.01,1.67,76.96,2.55
465,Coyhaique,90,CL,1587108220,87,-45.58,-72.07,55.4,5.82
466,Ponta Delgada,20,PT,1587108221,76,37.73,-25.67,55.4,8.05
467,Egvekinot,98,RU,1587108222,92,66.32,-179.17,15.73,12.06
468,Mount Hagen,90,PG,1587108223,77,-5.86,144.23,69.8,11.41
469,Arrondissement de Saint-Denis,94,FR,1587108224,76,48.92,2.33,60.8,4.7
470,Moree,100,AU,1587108226,32,-29.47,149.85,80.6,14.99
471,Tokur,16,RU,1587108227,41,53.13,132.9,46.38,9.8
472,Alghero,47,IT,1587108228,82,40.56,8.32,59.0,6.93
473,Beloha,1,MG,1587108230,49,-25.17,45.05,81.55,5.44
474,Zeya,24,RU,1587108231,41,53.75,127.27,51.8,9.75
475,Zhigansk,12,RU,1587108233,90,66.77,123.37,7.56,15.46
476,Nemuro,40,JP,1587108234,39,43.32,145.57,48.2,10.29
477,Agadez,21,NE,1587108235,14,19.75,10.25,79.72,7.78
478,Aksu,100,CN,1587108237,50,41.12,80.26,55.0,11.18
479,Green Valley,1,US,1587108238,14,31.85,-110.99,64.4,6.93
480,Serebryanyy Bor,58,RU,1587108239,76,56.8,124.8,24.06,11.39
481,Marabu,75,MY,1587108240,79,4.41,114.01,91.0,9.17
482,Zhezkazgan,0,KZ,1587108242,22,47.8,67.71,64.4,15.66
483,Bonito,0,BR,1587108243,61,-21.12,-56.48,55.33,3.58
484,Guozhen,81,CN,1587108245,15,34.37,107.36,75.13,10.51
485,Bargarh,0,IN,1587108246,13,21.33,83.62,105.8,10.42
486,Swan River,24,CA,1587108247,92,52.11,-101.27,18.55,7.76
487,Province of Mantua,27,IT,1587108248,66,45.17,10.78,55.99,2.24
488,Barcelona,20,ES,1587108250,82,41.39,2.16,62.01,2.24
489,Praia,75,CV,1587108251,68,14.92,-23.51,71.6,17.22
490,Zhengjiatun,100,CN,1587108252,60,43.51,123.51,55.31,12.1
491,Rétság,100,HU,1587108253,50,47.93,19.14,57.2,1.12
492,Sorong,64,ID,1587108255,53,-0.88,131.25,90.41,2.17
493,Meulaboh,100,ID,1587108256,74,4.14,96.13,82.56,3.83
494,Cutro,69,IT,1587108257,62,39.04,16.98,55.4,3.36
495,Puerto Escondido,35,MX,1587108259,71,15.85,-97.07,79.63,4.56
496,Polyarny,75,RU,1587108260,92,69.2,33.45,35.6,8.95
497,Tazovsky,99,RU,1587108261,97,67.47,78.7,28.67,9.15
498,Yanahuanca,100,PE,1587108262,27,-10.52,-76.5,37.92,0.29
499,Rincon,1,US,1587108264,81,32.3,-81.24,55.0,2.26
500,Cape Canaveral,90,US,1587108019,68,28.41,-80.6,73.4,12.75
501,Rocha,3,UY,1587108266,91,-34.48,-54.33,56.88,4.23
502,Sribne,41,UA,1587108268,62,50.66,32.92,42.28,15.66
503,Ilebo,100,CD,1587108269,83,-4.32,20.58,75.16,1.1
504,Disna,6,BY,1587108270,70,55.57,28.2,38.79,14.92
505,Cam Ranh,77,VN,1587108271,55,11.92,109.16,88.11,7.81
506,Morón,2,AR,1587108273,93,-34.65,-58.62,62.6,4.32
507,Malinovskiy,100,RU,1587108274,82,61.2,62.84,39.52,5.84
508,Bondowoso,73,ID,1587108260,65,-7.91,113.82,83.46,4.0
509,Santa Fe,0,AR,1587108144,77,-31.63,-60.7,59.0,5.64
510,Le Port,20,RE,1587108277,65,-20.94,55.29,82.4,20.8
511,Caravelas,6,BR,1587108279,87,-17.71,-39.25,77.2,7.78
512,Naze,20,JP,1587108280,64,28.37,129.48,71.6,19.46
513,Erzin,20,TR,1587108281,46,36.96,36.2,77.0,6.93
514,Taiyuan,19,CN,1587108282,13,37.87,112.56,68.0,17.9
515,Mitsamiouli,96,KM,1587108284,73,-11.38,43.28,83.01,9.86
516,Kajaani,90,FI,1587108285,93,64.23,27.73,32.0,14.99
517,Ouadda,40,CF,1587108286,13,8.08,22.4,77.94,5.3
518,Langham,20,CA,1587108287,74,52.37,-106.97,30.99,11.41
519,Sistranda,75,NO,1587108126,56,63.73,8.83,41.0,20.8
520,Gizo Government Station,100,SB,1587108290,78,-8.1,156.84,80.38,7.0
521,Carutapera,61,BR,1587108291,82,-1.2,-46.02,78.51,3.91
522,Vaxjo,0,SE,1587108292,44,56.88,14.81,42.01,12.75
523,Verāval,15,IN,1587108294,28,20.9,70.37,95.02,7.4
524,Mariehamn,40,AX,1587108295,60,60.1,19.93,41.0,20.8
525,Houston,75,US,1587108107,72,29.76,-95.36,68.0,3.36
526,Oranjemund,0,NA,1587108298,88,-28.55,16.43,57.36,7.31
527,Boone,90,US,1587108300,87,39.03,-92.33,44.6,16.11
528,Marsh Harbour,71,BS,1587108301,88,26.54,-77.06,73.47,25.5
529,Bayshore Gardens,90,US,1587108302,77,27.43,-82.59,68.0,11.41
530,Dubbo,85,AU,1587108303,48,-32.25,148.62,64.4,12.75
531,Manosque,94,FR,1587108305,66,43.83,5.79,57.2,2.24
532,Biryusinsk,100,RU,1587108306,82,55.96,97.82,37.92,4.99
533,Aswān,4,EG,1587108307,31,24.09,32.91,75.2,13.87
534,Ciudad Guayana,67,VE,1587108308,78,8.35,-62.65,71.8,5.82
535,Buraidah,4,SA,1587108310,44,26.33,43.98,78.8,19.46
536,Santa Isabel,75,BR,1587108311,93,-23.32,-46.22,62.01,4.7
537,Makakilo City,1,US,1587108312,73,21.35,-158.09,78.8,4.7
538,Susaki,75,JP,1587108313,77,33.37,133.28,64.4,6.93
539,Sonoma,90,US,1587108091,87,38.55,-122.9,54.0,5.82
540,Zhicheng,60,CN,1587108316,41,30.3,111.5,75.0,14.0
541,Varna,63,BG,1587108317,44,43.22,27.92,60.8,4.7
542,Mattru,23,SL,1587108318,89,7.62,-11.83,76.77,1.12
543,Gladstone,0,AU,1587108319,54,-23.85,151.25,82.4,11.41
544,Xining,100,CN,1587108321,15,36.62,101.77,55.71,8.3
545,Taksimo,57,RU,1587108299,40,56.34,114.88,47.7,4.7
546,Freeport,1,US,1587108036,55,40.66,-73.58,39.2,5.82
547,Kérouané,46,GN,1587108325,56,9.27,-9.02,74.46,3.13
548,Yar-Sale,100,RU,1587108326,96,66.83,70.83,33.22,22.32
549,Udachny,84,RU,1587108327,51,66.42,112.4,14.0,8.95
550,Black River,75,JM,1587108329,83,18.03,-77.85,82.4,8.05
551,Salalah,40,OM,1587108330,66,17.02,54.09,86.0,9.17
552,West Chester,1,US,1587108141,69,39.96,-75.61,35.6,4.97
553,Östersund,20,SE,1587108332,74,63.18,14.64,36.0,19.46
554,Lake Shasta,20,US,1587108333,22,40.68,-122.37,66.2,11.41
